,"Algeria","Angola","Armenia","Australia","Austria","Azerbaijan","Belgium","Bolivia","Benin","Belarus","Bulgaria","Cambodia","Canada","Congo","Croatia","Cuba","Cyprus","Denmark","Ecuador","Egypt","Estonia","Finland","France","Zimbabwe","Uzbekistan","Uruguay","Ukraine","Turkey","Tunisia","Togo","Sweden","Spain","South Africa","Slovakia","Singapore","Serbia","Senegal","Romania","Qatar","Poland","Portugal","Paraguay","Panama","Pakistan","Peru","United Kingdom","Slovenia","Nigeria","Norway","Netherlands","Yemen","Montenegro","Mongolia","Mexico","Malta","Malaysia","Lithuania","Libya","Lebanon","Kosovo","Latvia","Italy","Hungary","Honduras","Iceland","Guatemala","Greece","Gibraltar","Germany","Georgia","Nepal"
"1980-01-01 00:00:00",6.0028181,1.0845428,,30.903896,12.554577,,28.459909,1.2610962,0.15133154,,16.747358,0.10088769,98.267731,0.25221923,,11.122869,1.0593208,15.759085,4.3633928,13.922503,,14.737751,121.20161,0.65577,,2.1690855,,17.155704,2.7744117,0.22699732,28.746494,54.098499,16.621248,,11.14809,,0.93321121,20.253204,0.55488235,20.626764,8.4408007,0.50443846,4.3633928,5.5236015,7.0873609,91.890717,,8.827673,10.686526,43.137981,2.4213047,,0.63054812,67.605026,0.47921655,8.6511202,,5.2713823,2.3960829,,,105.10884,13.154596,0.63054812,0.5922938,1.5385374,14.379866,0.17655347,164.780691,,0.10088769
"1981-01-01 00:00:00",6.2550373,1.0845428,,30.148802,12.083955,,26.008089,1.31154,0.15133154,,16.066366,0.10088769,92.285233,0.30266309,,11.324644,0.90798926,13.110655,4.5903902,15.9907,,13.075552,107.68017,0.75665772,,1.9420881,,15.249899,3.0518527,0.20177539,25.519323,51.112923,17.17613,,11.677751,,0.90798926,18.664225,0.93321121,18.392065,7.5651612,0.47921655,4.3129492,6.0028181,7.2386923,84.016457,,10.391433,9.7917528,39.560272,2.4717486,,0.63054812,74.245552,0.5296604,8.9033394,,6.1037054,2.2195294,,,101.94935,12.688661,0.55488235,0.53705055,1.31154,13.758784,0.20177539,149.143482,,0.10088769
"1982-01-01 00:00:00",7.0621386,1.1349866,,31.845697,11.194232,,24.090424,1.2358743,0.10088769,,16.11681,0.12610961,82.062279,0.25221923,,12.257855,0.98365504,12.397456,5.0191627,17.150908,,11.965649,100.05517,0.60532618,,1.8412005,,17.790268,2.7744117,0.20177539,21.595827,54.529526,18.487671,,12.358743,,0.93321121,18.336338,1.0845428,16.836729,10.076936,0.45399463,4.1111736,7.0873609,7.1630263,84.306862,,11.047203,8.8561926,34.770721,2.9005213,,0.73143578,78.235817,0.5296604,9.659997,,6.6081443,2.1943073,,,96.999329,11.973493,0.58010423,0.47917241,1.31154,12.933651,0.17655347,145.632804,,0.15133154
"1983-01-01 00:00:00",6.6585879,1.1854304,,30.678064,11.032353,,21.946327,1.2106524,0.15133154,,16.091587,0.12610961,74.966942,0.20177539,,11.198534,1.0845428,11.748608,4.4138365,20.127096,,11.201137,97.448753,0.78187966,,1.4628716,,18.587029,3.1527405,0.20177539,19.573481,54.761887,17.781456,,12.283077,,0.88276732,17.150908,1.0340989,17.126247,10.157857,0.47921655,4.2120614,7.2639141,6.5324783,80.78595,,10.416655,8.7002707,32.993465,2.62308,,0.73143578,71.884888,0.35310695,10.265323,,6.6333661,2.2951951,,,95.121475,12.004231,0.60532618,0.53705055,1.3619839,12.465176,0.15133154,140.844557,,0.15133154
"1984-01-01 00:00:00",7.692687,1.0340989,,32.532074,10.719166,,20.506765,1.1602085,0.15133154,,16.091587,0.15133154,76.735352,0.20177539,,11.602085,1.0845428,11.461748,4.2877269,21.917852,,11.503401,92.167885,0.75665772,,1.3872058,,18.235632,3.0266309,0.25221923,18.286695,44.738747,18.941666,,12.964069,,1.0593208,16.495138,1.2610962,16.69191,10.220359,0.5296604,4.1616173,7.4909115,6.7090316,96.728729,,10.769761,9.5123987,30.330172,3.329294,,0.80710155,71.843559,0.50443846,10.340989,,6.4568124,2.1943073,,,91.906387,10.643825,0.63054812,0.56871259,1.1854304,12.470769,0.12610961,134.06276,,0.15133154
"1985-01-01 00:00:00",8.0710154,1.336762,,32.431488,10.468693,,21.494448,1.1097647,0.17655347,,15.915034,0.15133154,76.603401,0.30266309,,11.829082,1.1349866,11.813557,4.4390588,23.128504,,10.938404,90.805397,0.80710155,,1.2863182,,19.071594,2.9005213,0.22699732,18.87438,44.747971,18.361561,,12.560518,,1.0340989,17.352684,1.0845428,16.811195,9.5264006,0.5296604,3.6319571,8.5502319,6.582922,84.52179,,11.40031,9.9042797,31.346245,3.7076228,,0.88276732,75.866486,0.327885,10.391433,,6.8351412,2.5474143,,,90.722366,10.920507,0.58010423,0.56908059,1.336762,12.914376,0.30266309,138.67187,,0.12610961
"1986-01-01 00:00:00",8.040966,1.2939073,,32.672657,10.890593,,24.202526,1.0592638,0.17499161,,15.644165,0.14844219,76.901215,0.29359892,,12.137497,1.1976264,11.640271,4.7498093,23.180372,,11.896258,91.269142,0.83538765,,1.2422082,,20.475967,3.2607412,0.18907288,19.53731,45.202927,18.293661,,14.386316,,1.0086428,17.383511,1.3498888,17.506714,10.381463,0.559991,3.7208111,8.8762617,7.1708407,84.860703,,10.688519,10.244954,34.969433,3.5441635,,0.88455963,78.302864,0.4298248,10.197765,,6.6953506,2.3965249,,,92.137993,10.281297,0.61148846,0.57483292,1.1747752,13.1752,0.46668553,146.185441,,0.20083407
"1987-01-01 00:00:00",8.1773062,1.2991041,,33.459759,11.041339,,24.322262,1.0316964,0.13533421,,15.106433,0.14844219,80.310066,0.32846129,,11.943987,1.2977637,11.322773,4.6554108,23.736103,,12.288092,92.285896,0.91014898,,1.4291186,,23.2278,2.7253108,0.1767107,19.064678,46.631447,18.135263,,15.926172,,1.0208158,18.344883,1.3791631,18.005594,10.102912,0.7056585,3.893919,9.6409674,7.2802262,82.927757,,11.206862,10.20041,35.696747,3.5146031,,0.89519256,81.179337,0.47111443,10.37163,,7.1946564,2.5173168,,,96.435867,10.516856,0.61568362,0.62210721,1.1891605,14.25933,0.47770408,142.046165,,0.22125398
"1988-01-01 00:00:00",8.4592152,1.3073888,,35.231403,10.756586,,25.093395,1.1255143,0.1712078,,15.250905,0.15988664,84.135414,0.28997037,,12.094796,1.3061684,10.826133,4.7712231,23.532375,,12.25754,93.323608,0.90875036,,1.8071626,,22.875385,3.2355237,0.18395217,18.26866,51.318935,18.010044,,16.966963,,0.87503421,17.84656,1.2980375,18.030472,10.686654,0.66186953,3.7953892,10.305286,7.4371452,87.523941,,12.125619,9.8425999,37.891151,3.6250556,,0.92347503,82.503212,0.50342482,10.714239,,7.57373,2.2545142,,,97.387863,9.5760822,0.6955201,0.65222299,1.3112049,14.973312,0.62665522,142.333148,,0.21434034
"1989-01-01 00:00:00",9.025095,1.3196187,,36.5956,10.742568,,24.59894,1.2062827,0.17557968,,12.753342,0.1594498,87.847649,0.32846129,,12.30755,1.6193414,10.349953,4.5996318,23.746901,,12.061639,95.379555,0.99796659,,1.7183305,,23.430908,3.269635,0.2149791,17.334784,51.177521,18.354744,,18.423384,,0.90458822,18.539839,1.334098,17.927752,13.204826,0.85813934,3.6953566,11.040427,6.3648643,89.333458,,12.590616,9.5563087,37.394913,3.8719249,,0.85695636,88.192284,0.52833247,11.460064,,7.7688994,1.7786844,,,100.77799,9.5749197,0.84660977,0.69788933,1.3230821,15.926618,0.5327633,134.091595,,0.21532784
"1990-01-01 00:00:00",9.5699062,1.3177933,,37.213936,11.404364,,24.701773,1.23602,0.20377395,,10.344638,0.1594498,88.346344,0.35730255,,11.984677,1.7292215,10.170593,4.9498835,24.979557,,12.039421,94.696548,1.0625329,,1.6678183,,24.869698,3.2747645,0.20663382,17.31035,52.591949,19.727074,,20.177099,,0.90405798,20.814182,1.3408828,14.775654,13.218977,0.82094157,3.9213924,11.715494,6.3790507,91.959061,,12.929435,10.086438,41.993229,4.050015,,0.80661517,81.284325,0.56827915,13.888847,,8.1924305,1.685549,,,99.13179,9.2523422,0.94531834,0.70967954,1.3849151,16.76399,0.55548924,139.326253,,0.21099259
"1991-01-01 00:00:00",10.282524,1.3881989,,36.387383,12.260538,,26.460472,1.2624347,0.23970699,,6.5460658,0.16964822,84.869667,0.313122,,11.200676,1.7490337,10.263261,5.2789245,24.456814,,12.042765,100.68624,1.2300775,,1.5581821,,24.225193,3.5793481,0.35483927,17.51412,55.530384,20.922501,,20.863258,,0.83383828,15.021056,1.3484768,14.21312,13.229042,0.75000381,3.907542,11.854809,5.9068198,93.219818,,13.301753,9.564518,42.07391,4.1912441,,0.75523925,87.581329,0.61980146,14.751855,,8.7517233,2.8185282,,,98.206245,8.5719681,0.93307346,0.66676521,1.3149476,16.857128,0.56751323,147.07367,,0.26665488
"1992-01-01 00:00:00",10.410882,1.3869047,2.3396168,36.82449,12.030677,10.775821,26.958788,1.3038845,0.2652629,19.965624,6.9629922,0.170113,87.140709,0.30591261,3.462503,9.9359455,2.0226073,10.182067,6.0726132,23.860352,1.7524235,12.062584,100.46259,1.0849495,10.159609,1.7045161,43.806747,25.631336,3.7925386,0.25682557,19.113167,57.735115,21.421785,,23.009777,3.0073562,1.0125979,13.454648,1.3909388,14.621001,14.706535,0.85690683,4.0288734,12.221347,6.2505913,94.232307,1.7118001,13.647858,9.5860872,42.715054,4.3932505,,0.68544054,87.43573,0.67530745,15.733228,4.5431008,7.8883028,2.876431,,2.9008684,100.48428,8.6426563,0.96709627,0.71632826,1.5970516,17.248507,1.0138243,148.10553,1.4597372,0.30786446
"1993-01-01 00:00:00",10.14054,1.3452123,1.3194715,38.254189,12.350195,10.398078,26.546904,1.3158123,0.29355362,15.635078,6.2679343,0.16964822,88.017235,0.28123325,3.413429,9.8388319,2.0198779,10.505639,5.6320481,24.049494,1.8454361,11.27822,97.41037,1.1534458,9.4055243,1.853669,30.814035,29.339895,3.8659263,0.18405537,18.842476,54.899311,20.803982,3.445792,24.690655,1.7972416,1.0400573,13.352791,1.4538515,15.305135,13.833303,0.90102369,3.9437585,13.880028,6.5520868,94.59124,2.0594139,13.967227,9.8244057,42.671715,3.6198738,,0.65299559,91.602837,0.71743572,17.638515,4.1518445,8.493145,3.5363386,,2.7604437,99.74556,8.4823456,0.94444007,0.74191886,1.7164379,17.705919,1.0689451,151.1748,0.84069395,0.3091127
"1994-01-01 00:00:00",10.027297,1.330178,0.96071517,39.623291,12.246707,9.8887558,29.417891,1.481985,0.30791867,12.928551,6.8023057,0.16964822,89.443535,0.27053127,4.1823421,9.9492493,2.324383,11.194286,6.0765324,25.310955,1.71731,11.732971,96.73188,1.1836129,9.1146231,1.7167058,26.655436,28.054258,3.8825164,0.21486902,20.186529,58.195438,21.215996,3.4791543,28.451702,1.7475809,1.2442547,11.932811,1.4931326,15.783446,14.041298,1.0354055,4.4492149,15.372054,6.8834291,94.551811,2.2271676,13.077291,10.103998,44.240097,3.4281127,,0.67336935,100.41064,0.77417785,19.867188,4.2738681,8.7916031,3.988703,,2.6779881,98.573982,8.5611563,1.0577651,0.75373071,1.9491776,18.124252,1.0743076,149.7751,0.39225486,0.3658677
"1995-01-01 00:00:00",10.064126,1.4401879,1.3170989,40.737057,12.246991,9.5315638,29.213606,1.6440171,0.33286604,12.296549,6.9816203,0.51527375,91.775581,0.27083689,4.7634802,10.191265,2.2872691,11.777472,6.2726383,25.954952,1.346158,10.823763,99.617584,1.26438,9.6964979,1.5980459,25.429474,31.477041,3.6389127,0.21474935,20.117781,62.197441,21.712917,3.4220638,27.345518,1.4587322,1.3418853,13.101697,1.5953174,16.383865,15.123341,1.1670854,4.7179437,16.234215,7.435955,93.64846,2.4536872,14.594266,10.506996,44.651138,3.8013885,,0.59215218,92.369858,0.82915884,20.84215,3.9903738,9.4376993,4.2662363,,2.1195495,102.40627,8.1271257,1.2229879,0.7578398,2.1481884,18.897289,1.0743076,149.40306,0.42045286,0.3765927
"1996-01-01 00:00:00",9.8013592,1.3477181,1.5308775,42.002357,13.421127,7.1357179,31.548256,1.692125,0.36364284,11.065635,6.2600164,0.56710273,94.829567,0.26675284,4.1575031,10.453088,2.2547154,12.459718,6.6106734,28.345139,1.4550471,10.871246,101.33897,1.4463075,7.6143751,1.7685614,20.344492,32.853039,3.7520568,0.21533769,21.581181,62.76289,22.139023,3.6261652,32.640842,2.644521,1.3456079,13.792178,1.8103981,18.668049,14.501411,0.98335147,4.0463853,17.876385,8.1154833,95.782486,2.8884947,14.856658,11.124355,45.693161,3.8239977,,0.6146121,92.790756,0.87828636,22.886614,3.5017171,9.8866968,4.4673676,,2.2077646,101.37514,7.6296172,1.3345128,0.84708208,2.2515564,19.579353,1.0772383,152.26384,0.74100882,0.47925469
"1997-01-01 00:00:00",9.6933975,1.6141114,1.5923473,42.736942,13.414207,7.0065503,32.448521,1.7686802,0.3953191,9.9465513,5.6717443,0.67691457,99.129921,0.25981089,4.2937441,10.883861,2.3055475,11.94889,6.8457952,29.716791,1.4314389,10.829135,102.16595,1.5725417,7.4314165,1.9125094,19.250469,32.405495,4.0103483,0.22494775,20.437435,66.297905,22.60671,3.8962424,35.126991,3.5738993,1.23973,14.562975,1.8232282,20.091434,15.417303,1.0541729,4.2229652,18.111446,8.2405872,93.337746,2.8077404,14.49718,11.153372,47.15316,3.9454255,,0.40438274,94.920616,0.93722349,23.664848,3.5538576,10.45452,5.153523,,1.9253942,101.80679,7.8142519,1.3558877,0.83380991,2.4790659,19.851826,1.0743076,151.57545,0.77788419,0.57500875
"1998-01-01 00:00:00",10.102805,1.3212667,1.7148561,42.926521,14.032748,8.0800896,33.082977,1.9731455,0.42929798,9.0880737,5.4646463,0.79550356,99.207497,0.26068452,4.8311176,10.66264,2.4793744,11.734096,7.0699797,31.139486,1.4227496,11.219508,106.37264,1.5776271,7.7425609,2.3031328,18.852467,32.138203,4.1869569,0.22494775,20.816547,71.175865,23.109339,3.9284568,37.241196,3.3318696,1.3216496,13.33703,1.888847,20.738726,16.999832,1.2171201,4.6709237,18.979527,8.3241501,92.31813,2.6730943,13.53124,11.238235,47.488251,4.2719254,,0.42828858,101.00186,0.98122084,23.244852,3.791805,9.8697824,5.2173204,,1.8520269,102.21854,8.1503601,1.5424565,0.85139614,3.007334,20.78603,1.2337037,151.96741,0.80046189,0.73689169
"1999-01-01 00:00:00",9.5371494,1.6291567,0.24380767,44.10442,13.301134,8.1706581,31.852377,2.2641537,0.19548394,8.3994846,5.1405029,0.8208431,103.33076,0.21847962,4.8742933,9.0187845,2.6408808,11.586356,6.5355344,30.606966,1.3264922,11.226008,105.90916,1.5776271,7.5497322,2.5211954,19.378487,31.942686,4.1173935,0.34511828,20.424301,73.412239,24.015173,3.5779843,39.655388,3.0417969,1.4595896,11.160409,2.5677483,21.49567,17.571222,1.4485869,2.827991,19.140594,8.7852421,93.214142,2.6885021,13.21402,11.270339,48.465462,3.2074633,,0.44332322,100.36386,1.0880759,23.11549,2.9559276,9.5437984,5.4657354,,1.7383143,98.996284,7.7962694,1.6247029,0.85271341,3.0353017,20.313826,1.0796472,147.34979,1.2929425,0.78949481
"2000-01-01 00:00:00",11.050627,2.0283787,0.38194773,43.177254,12.40097,7.0801206,31.066072,2.0604215,0.55843484,8.4683247,4.6519351,0.7589795,103.36763,0.23355356,4.4456482,8.5927668,2.7673306,10.492229,7.2064366,29.151396,1.1277144,10.618632,98.257095,1.1437877,7.481545,2.261301,13.439281,32.476639,4.4280858,0.34615082,18.025005,72.084229,23.665203,3.3929121,41.135105,3.2969978,1.6595201,11.286096,2.622834,20.101532,16.689131,1.1814378,4.84904,20.601954,8.7563448,87.651512,2.4033446,11.575946,10.069806,48.2005,5.1751666,,0.480308,104.65799,1.5932621,23.917009,2.3481612,13.475382,4.8887053,,1.4603119,93.369431,7.2004156,1.4955324,0.81401074,3.1754,20.286194,3.0205507,136.4547,0.80058944,0.76873618
"2001-01-01 00:00:00",11.200714,2.2752993,0.37390956,42.993584,13.216183,4.6150331,31.101917,1.8824903,0.63573945,8.2102051,4.8673525,0.80869824,103.92046,0.2986078,4.5479555,8.1335115,2.7759101,10.65248,7.8859119,28.823338,1.2694221,10.662301,100.56031,1.1286964,7.3075914,2.1996431,15.181701,30.252495,4.5141959,0.30457437,18.348221,74.971329,23.632824,3.5915432,42.73283,4.2936687,1.8108007,12.408559,3.2999623,19.633795,16.682972,1.2186007,5.2059646,19.848162,8.1165743,86.566803,2.4869847,14.530576,10.529011,50.215729,5.568913,,0.48869622,102.8611,1.7552148,25.238678,2.7867956,13.4457,5.2817764,,1.6563437,92.142754,6.8867321,1.7670196,0.76675665,3.3503962,20.553757,3.3220205,138.04335,0.64187235,0.77928823
"2002-01-01 00:00:00",12.195865,2.3623321,0.35562041,44.089458,13.449428,4.4661522,31.737328,1.9776857,0.73228985,8.4498367,4.9347768,0.80696905,104.80714,0.2410825,4.7494607,8.1804724,2.7504988,9.7971945,8.0527496,28.999022,1.3186673,10.963724,97.291748,1.0093657,7.2494907,1.7222394,15.541231,32.374985,4.4397616,0.33363351,18.486523,75.637329,24.557356,3.9949329,42.785721,4.3918667,1.761807,11.945897,4.821445,19.622265,17.191908,1.2922094,4.9223666,19.647936,8.0696087,85.97567,2.4095461,14.790684,10.387781,51.868065,5.6177254,,0.5256086,97.958832,1.7125759,25.566763,2.6960733,13.838492,5.2607298,,1.6804136,94.230232,6.9380116,1.8611193,0.79356164,3.3967688,20.64394,3.6688354,133.49132,0.62982988,0.76949346
"2003-01-01 00:00:00",12.403459,2.6655173,0.37046289,45.769478,14.177232,5.0648818,33.592201,2.1051836,0.84921902,8.6492558,5.1902337,0.87256896,110.6142,0.31257126,5.244473,8.3486347,2.9661503,9.3274546,8.3641186,29.586084,1.2855426,11.19039,97.875183,0.82001954,7.5028906,1.8771147,16.097727,31.720303,4.455864,0.41829896,18.458017,77.295746,25.350117,3.7430165,43.105721,4.4479713,1.7422997,11.530546,4.5708661,20.667463,16.221413,1.341285,5.1311665,16.072411,7.9294105,86.879356,2.4401305,14.231077,11.000331,53.169785,6.4408255,,0.57130939,97.648621,1.9903246,25.137774,2.5803578,14.331392,5.2275991,,1.7224098,93.688713,6.6626163,2.0551655,0.79308975,3.4495671,21.613113,4.2162447,131.95882,0.63441765,0.79273635
"2004-01-01 00:00:00",12.947911,2.8279727,0.38766471,46.717445,14.526193,5.7715263,34.149147,2.3378234,0.89313442,8.5667772,5.314014,0.90214223,114.87868,0.33879834,4.9262171,8.4551325,2.6687491,9.1693754,9.1642351,32.905094,1.3378439,11.012498,98.406364,0.68517178,6.9905481,2.3752348,16.086134,32.340588,4.6331854,0.41574061,18.422209,78.679832,26.060274,3.7197464,45.952213,4.4311996,1.8662828,11.780482,4.2328715,21.745205,16.350039,1.349615,5.0061483,17.696478,8.9634762,88.592926,2.5032961,14.233527,10.412188,55.158375,6.8004041,,0.6276558,101.29249,2.0893371,26.888103,2.807673,13.690008,5.2842679,,1.7840525,91.62384,6.6917367,2.2926483,0.82585144,3.1879163,21.270151,4.0248356,130.81354,0.65317386,0.76030546
"2005-01-01 00:00:00",13.064638,2.2157063,0.44711915,47.457012,14.62923,5.8737001,34.246769,2.3138909,0.83391756,7.9602814,5.6390824,1.0197121,119.52249,0.38025397,5.0576482,8.3852167,2.9498866,9.0759964,9.8684826,33.286736,1.3706537,10.953264,97.362534,0.74380344,5.5513401,2.3680117,16.267271,31.961939,4.7543068,0.40306628,17.880886,80.345741,26.15416,3.9255383,47.583008,4.4684443,1.9333261,11.626894,4.9767327,22.429186,16.879114,1.2464315,5.0135365,18.177122,8.6857061,89.741776,2.5600777,15.68908,10.668082,56.321541,7.1671042,,0.614079,103.73287,1.7824812,26.487244,3.0072143,14.436179,5.0358424,,1.8740158,88.749626,7.5712876,2.2883093,0.84082979,3.2975471,21.32172,4.5053945,129.46713,0.84361017,0.78768164
"2006-01-01 00:00:00",13.332077,2.9625306,0.42121509,48.051685,14.67841,5.3876386,33.592117,2.481034,1.1580755,9.1625395,5.6903977,1.1016471,119.10496,0.44006374,5.1242828,8.177599,3.0633337,9.4380245,10.339415,34.049709,1.4701864,11.120509,97.32605,0.7150231,5.4078636,2.5659015,16.464771,32.997501,4.7587209,0.34369332,17.663347,79.248161,25.862198,3.9382505,52.012669,4.6658654,1.8948013,11.26202,6.1143289,23.938591,15.006994,1.3474084,5.5587058,20.406672,8.6189594,89.065674,2.6507123,12.597074,10.945639,57.560848,7.1609807,0.40714151,0.70897007,103.67845,1.8216445,26.626263,3.0054584,13.844942,4.6919045,,1.9423438,88.668449,8.0061817,2.108403,0.89175218,3.4788694,22.447926,4.4016538,129.88872,0.83294791,0.71162361
"2007-01-01 00:00:00",13.722927,3.5024986,0.45849818,48.907593,14.391161,4.7918096,34.147137,2.7319584,1.3755938,8.5182276,5.460031,1.2798893,123.68713,0.51302493,5.2944446,8.0823288,3.1516502,9.4554758,10.62363,36.019341,1.5629723,11.329059,96.463837,0.70268285,4.8521333,2.433742,17.808708,33.381439,4.8160663,0.37032554,17.368326,80.235527,30.400347,4.1643982,55.162067,4.7357178,1.9970281,11.437407,7.0542378,24.935036,15.277597,1.4035589,5.18641,21.55294,8.2437859,86.316833,2.6363308,10.884073,11.588433,58.393097,7.6033096,0.43295795,0.8720277,106.72997,1.9844085,31.057104,2.9657166,13.146559,4.1404924,,2.0675297,86.0849,7.874547,2.7082632,0.87894231,3.8002024,22.739466,4.7591467,118.96787,1.0609382,0.67118478
"2008-01-01 00:00:00",15.774306,4.3292947,0.48933044,49.42527,13.95953,4.8367047,36.151093,2.5406864,1.4018974,8.6636705,5.4030724,1.2714088,119.37999,0.55519277,4.96592,8.8099308,3.2695205,8.9528837,10.944662,37.138206,1.4975005,10.850178,94.417084,0.60178423,4.661747,3.3462477,17.062269,32.6432,4.7021766,0.46037364,16.736712,77.266174,31.928062,4.267909,58.859097,4.4271641,2.0691521,11.163534,8.7972603,25.695601,14.508142,1.4559158,6.1357398,21.397985,9.7330446,85.328087,3.0590465,13.976727,10.812471,55.790791,7.9528561,0.44477516,0.93060654,106.41834,2.0552082,29.46727,3.3073995,13.672189,5.5126147,0.58795583,1.9922072,83.039131,7.7594962,2.6494071,0.81496632,3.4025583,21.778511,4.6286902,124.93945,0.94671273,0.82742095
"2009-01-01 00:00:00",17.447039,5.1278086,0.42757788,49.496433,13.156463,4.0664077,31.867081,2.4982901,1.5467498,9.6897488,5.1554084,1.5515349,116.10796,0.63740093,4.8841195,8.8886328,3.1494286,8.1690693,11.811487,39.145638,1.360937,10.146614,90.387695,0.59336865,4.7901707,3.4140639,16.496256,33.844757,4.4515638,0.88620204,15.832955,73.209801,30.43668,4.0128689,57.709122,4.2554088,1.9081779,9.8738623,9.4252071,25.884598,13.621738,1.5022247,5.9402881,21.439346,10.008423,80.788101,2.6076412,11.839495,10.819414,52.671165,8.4385624,0.35304594,0.8463369,102.6055,2.1898558,31.197214,2.8407309,15.910004,6.6923871,0.62538481,1.8930961,76.348351,7.6524539,2.3716378,0.75339216,3.8716426,20.348478,4.9015245,119.76232,1.001178,0.98139286
"2010-01-01 00:00:00",17.719418,5.4616213,0.4562085,44.384609,13.570419,4.2464962,33.449677,2.722754,1.77289,7.9395242,4.5192022,1.7444959,121.93923,0.70707649,4.1528707,10.374918,3.0178163,8.2260303,12.334774,40.65633,1.4040636,10.578123,88.3246,0.66088861,4.257113,2.8296382,15.585508,32.141098,4.4318452,0.82462466,16.648985,71.791321,30.702753,4.1647329,65.741348,4.1290917,1.9987912,9.8915443,10.070983,27.05793,13.464126,1.7064722,6.7899928,22.198074,10.300085,79.807961,2.6290014,14.749472,10.223364,53.127018,7.5540681,0.3344461,0.89549392,104.28005,2.6140516,29.739475,2.7905109,16.558712,6.2446418,0.58691967,1.9602486,76.216042,7.2407799,2.4408641,0.72602421,3.4547195,18.675709,4.7381716,121.2563,1.0638089,1.0777342
"2011-01-01 00:00:00",17.357922,5.7552752,0.43170115,53.250786,12.838893,4.7320518,31.177277,2.9504309,1.6447455,9.2060432,4.2625895,1.7665058,123.25311,0.7795676,4.1202106,9.5608263,2.9842916,8.0208549,12.452068,39.540051,1.3770266,10.283732,86.466599,1.2034731,3.9247472,3.1771579,14.813305,31.035826,4.0611353,0.75042897,15.415933,69.207314,34.132111,4.1322193,70.937889,4.0975289,2.0993211,9.5559273,9.4359007,26.551279,12.631666,1.785337,7.3348141,22.120327,11.035344,77.609451,2.6084721,14.134402,10.064113,52.944805,6.4604011,0.31995097,1.1172739,105.80873,2.4833186,33.074051,2.8203857,9.8771467,6.4558706,0.68524247,1.7830209,73.468292,6.9214458,2.7142003,0.71539772,3.4918942,17.648497,4.7158761,117.61654,1.1179878,1.1144881
"2012-01-01 00:00:00",18.883121,6.6821599,0.4469426,54.891388,12.751052,4.9857574,30.427567,3.5742135,1.5496483,9.3914776,4.3882475,1.8602599,125.78682,0.77203286,3.8181446,10.134745,2.7967966,7.6295691,12.795257,41.36132,1.6256064,9.834671,84.385101,1.363567,3.5149896,3.4396334,13.330177,32.803253,4.3264823,0.66725165,14.686021,65.12001,32.46244,3.7741821,70.315079,3.5975614,2.0393903,9.8472538,11.617539,25.319582,11.382662,1.8400232,7.3742261,22.547836,11.390841,75.398674,2.567344,14.38747,9.9289989,51.904453,5.6784892,0.30277443,1.2739215,105.14711,2.3634243,32.61068,2.8672221,13.376067,7.2873163,0.6227892,1.7815918,67.342575,6.4426637,2.7063749,0.70847553,3.555208,15.468595,4.7573442,117.54124,1.1145014,1.2114437
"2013-01-01 00:00:00",19.92659,7.2516084,0.39745051,55.883446,12.880151,5.1177149,31.30328,3.4551473,1.5825644,8.4280491,4.0896955,1.8578438,124.2898,0.8800869,3.5776181,9.5930281,2.4812517,7.5937161,13.881571,41.826042,1.6071482,9.6666565,82.808479,1.5142876,3.2768741,3.031647,12.196242,35.709332,4.4249473,0.69263846,14.335291,60.091984,33.296215,3.8187335,69.932335,3.7417867,2.10923,9.4928007,11.479561,23.904978,11.452704,1.8143733,7.267909,24.705666,11.353343,74.157578,2.4423602,14.779696,9.8623991,50.511776,7.4356914,0.29414752,1.326184,104.12079,2.2411873,36.149502,2.7407522,13.124233,7.2521896,0.62739223,1.7997398,61.396282,6.2950082,2.7273321,0.74272418,3.6023717,14.285954,4.3812652,119.35933,1.1447804,1.3153626
"2014-01-01 00:00:00",20.603765,7.9699526,0.39588395,54.936279,12.753528,5.0805311,30.835388,3.7458589,1.6669298,8.8335876,4.4982061,1.9299954,122.31506,0.89973712,3.5370932,9.7075176,2.5068727,7.5430379,14.456782,45.059517,1.5315919,9.4265652,81.476959,1.3781435,3.0693359,2.6945529,12.388882,36.425014,4.8302898,0.73025179,14.70104,59.614014,31.690956,3.5960054,69.156708,3.5788527,2.3061547,9.491951,12.804029,23.856258,11.299247,1.906041,7.4621582,26.517809,11.097918,74.249359,2.3977692,16.68873,9.5154772,50.04546,7.4509015,0.29905513,1.2556781,101.14171,2.2847595,36.870743,2.6705062,14.009143,7.7556863,0.58940321,1.8076192,61.62429,7.0348554,2.9532053,0.77948779,3.7975419,14.308945,4.1421742,116.64557,1.206323,1.4556441
"2015-01-01 00:00:00",21.250469,7.7422152,0.36255246,54.883667,12.82046,5.226747,32.100571,3.9461856,1.8596885,7.469759,4.8637638,2.1700747,123.80402,0.89288867,3.6723428,9.9084969,2.5802879,7.5479808,14.063683,45.618587,1.5102862,10.112644,81.37635,1.3577679,2.977473,2.7365117,11.627028,42.244312,5.1189165,0.74928051,14.462729,61.75832,33.172531,3.9123044,71.704132,3.7401357,2.4489322,9.8585443,13.445204,25.672213,11.557705,2.0842693,7.565187,27.577724,11.754783,75.944923,2.3461931,17.508072,10.153774,48.352329,5.3263559,0.31988037,1.2431785,99.273834,2.3927183,34.518307,2.9340744,12.881642,7.8708029,0.71900779,1.9050106,62.135727,7.4786673,3.2199497,0.85998011,4.322804,14.844465,4.2391424,116.10205,1.3550322,1.2663692
"2016-01-01 00:00:00",20.299505,6.7378635,0.40633667,55.027958,13.044604,5.1532984,32.808899,4.2709785,1.9347968,7.3919544,4.9077077,2.5956872,126.89371,0.88472354,3.7898853,9.5968943,2.6451705,7.7388682,13.475115,46.529606,1.5147166,10.281573,79.537537,1.3885615,3.0954742,2.7378736,11.82632,45.305019,5.1705127,0.79209936,15.656363,63.815033,32.205227,4.0364809,74.09008,3.8087022,2.5551305,10.207335,14.105883,27.652538,11.731925,2.8969331,8.6831932,29.660542,12.444063,77.417824,2.6778352,24.869686,10.121096,49.300102,5.1693668,0.30896905,1.3876343,102.13421,2.7482312,35.238907,2.9916918,13.439301,8.0209217,0.72693944,2.0318017,60.43,7.5241871,3.111975,1.0091608,4.5425062,14.879399,4.4560409,116.87453,1.6575876,2.8885093